Title,Price
Sony PS5 PlayStation Console,"54,990."
Sony PS5 Digital Standalone,"44,300."
Sony PS5 CoD MWII,"54,990."
"Big Ant Studios Cricket 24, Standard Edition, Playstation 5","4,299."
Sony PS5 PlayStation Console+God Of War Ragnarok | Standard Edition | PS5 Game (PlayStation 5),"58,886."
(Refurbished) SONY PlayStation 5 console 825 GB with Astro's Playroom (White),"44,999."
Immortals of Aveum | Standard Edition | PlayStation 5,"4,499."
F1 23 | Standard Edition | PlayStation 5,"3,990."
PS5 Spiderman 2 Standard Edn.,"4,999."
Sony God Of War Ragnarok | Standard Edition | PS5 Game (PlayStation 5),"3,896."
PS5 Marvel's Avengers,"2,148."
NBA 2K24 | Kobe Bryant Edition | PlayStation 5,"4,998."
Mortal Kombat 1 | Standard Edition | PlayStation 5,"4,499."
Minecraft Legends | Deluxe Edition | PlayStation 5,"3,499."
The Crew Motorfest | Special Edition | PlayStation 5,"4,999."
